{
  "display": {
    "name": {
      "translate": "node.fiskheroes.tier4_5.name"
    },
    "description": {
      "translate": "node.fiskheroes.tier4_5.desc"
    },
    "icon": {
      "text": "4-5"
    },
    "isLevelable": true
  },
  "requirements": [ ],
  "price": {
    "IRID_GOLD": 4,
    "XP_LEVELS": 15
  },
  "criteria": {
    "tier": {
      "trigger": "fiskheroes:suit_tier",
      "description": {
        "translate": "node.fiskheroes.tier4_5.tier.desc"
      },
      "condition": {
        "variables": {
          "max": "MAX_TIER_UNLOCKED"
        },
        "check": "max >= 3"
      }
    }
  }
}
