{
  "display": {
    "name": {
      "translate": "node.fiskheroes.tier10.name"
    },
    "description": {
      "translate": "node.fiskheroes.tier10.desc"
    },
    "icon": {
      "text": "10"
    },
    "isLevelable": true
  },
  "requirements": [ ],
  "price": {
    "IRID_GOLD": 10,
    "XP_LEVELS": 30
  },
  "criteria": {
    "tier": {
      "trigger": "fiskheroes:suit_tier",
      "description": {
        "translate": "node.fiskheroes.tier10.tier.desc"
      },
      "condition": {
        "variables": {
          "max": "MAX_TIER_UNLOCKED"
        },
        "check": "max >= 9"
      }
    }
  }
}
