{
  "name": "Archery",
  "pages": [
    {
      "id": "generated/summary"
    },
    {
      "id": "item.compound_bow",
      "header": "item.compound_bow.name",
      "text": "The Compound Bow is a more advanced version of the standard wooden bow, capable of firing special <link=item.trick_arrow>Trick Arrows</link>. It does however take longer to draw back.\n\nThe bow can only be used with a <link=item.quiver>Quiver</link> in your inventory.",
      "extra": [
        {
          "type": "item",
          "value": "fiskheroes:compound_bow",
          "align": "right",
          "pos": [0, -1],
          "scale": 1.5
        }
      ]
    },
    {
      "extra": [
        {
          "type": "recipe",
          "value": "fiskheroes:compound_bow",
          "align": "center",
          "pos": [0, 15]
        },
        {
          "type": "text",
          "value": "Use the mouse scroll wheel while sneaking to cycle between arrow slots.",
          "pos": [0, 87]
        }
      ]
    },
    {
      "id": "item.quiver",
      "header": "item.quiver.name",
      "text": "A container for <link=item.trick_arrow>Trick Arrows</link>, from which the <link=item.compound_bow>Compound Bow</link> chooses what to fire.",
      "extra": [
        {
          "type": "item",
          "value": "fiskheroes:quiver@0",
          "align": "right",
          "pos": [0, -1],
          "scale": 1.5
        },
        {
          "type": "recipe",
          "value": "fiskheroes:quiver@0",
          "align": "center",
          "pos": [0, 44]
        }
      ]
    },
    {
      "id": "item.quiver.auto",
      "header": "item.quiver.auto.name",
      "text": "Functions the same as the <link=item.quiver>Quiver</link>, but automatically restocks with <link=item.trick_arrow>Trick Arrows</link> from your inventory.",
      "extra": [
        {
          "type": "item",
          "value": "fiskheroes:quiver@1",
          "align": "right",
          "pos": [0, -1],
          "scale": 1.5
        },
        {
          "type": "recipe",
          "value": "fiskheroes:quiver@1",
          "align": "center",
          "pos": [0, 53]
        }
      ]
    },
    {
      "id": "item.trick_arrow",
      "header": "item.trick_arrow.name",
      "text": "Trick Arrows are special arrows which do different things. They can only be fired from a <link=item.compound_bow>Compound Bow</link>.",
      "extra": [
        {
          "type": "item",
          "value": "fiskheroes:trick_arrow@-1",
          "align": "right",
          "pos": [0, -1],
          "scale": 1.5
        },
        {
          "type": "itemlink",
          "value": "fiskheroes:trick_arrow@0",
          "pos": [0, 54]
        },
        {
          "type": "itemlink",
          "value": "fiskheroes:trick_arrow@1",
          "pos": [0, 63]
        },
        {
          "type": "itemlink",
          "value": "fiskheroes:trick_arrow@2",
          "pos": [0, 72]
        },
        {
          "type": "itemlink",
          "value": "fiskheroes:trick_arrow@3",
          "pos": [0, 81]
        },
        {
          "type": "itemlink",
          "value": "fiskheroes:trick_arrow@4",
          "pos": [0, 90]
        },
        {
          "type": "itemlink",
          "value": "fiskheroes:trick_arrow@5",
          "pos": [0, 99]
        }
      ]
    },
    {
      "extra": [
        {
          "type": "itemlink",
          "value": "fiskheroes:trick_arrow@6",
          "pos": [0, 9]
        },
        {
          "type": "itemlink",
          "value": "fiskheroes:trick_arrow@7",
          "pos": [0, 18]
        },
        {
          "type": "itemlink",
          "value": "fiskheroes:trick_arrow@8",
          "pos": [0, 27]
        },
        {
          "type": "itemlink",
          "value": "fiskheroes:trick_arrow@9",
          "pos": [0, 36]
        },
        {
          "type": "itemlink",
          "value": "fiskheroes:trick_arrow@10",
          "pos": [0, 45]
        },
        {
          "type": "itemlink",
          "value": "fiskheroes:trick_arrow@11",
          "pos": [0, 54]
        },
        {
          "type": "itemlink",
          "value": "fiskheroes:trick_arrow@12",
          "pos": [0, 63]
        },
        {
          "type": "itemlink",
          "value": "fiskheroes:trick_arrow@13",
          "pos": [0, 72]
        },
        {
          "type": "itemlink",
          "value": "fiskheroes:trick_arrow@14",
          "pos": [0, 81]
        },
        {
          "type": "itemlink",
          "value": "fiskheroes:trick_arrow@15",
          "pos": [0, 90]
        },
        {
          "type": "itemlink",
          "value": "fiskheroes:trick_arrow@16",
          "pos": [0, 99]
        },
        {
          "type": "itemlink",
          "value": "fiskheroes:trick_arrow@17",
          "pos": [0, 108]
        },
        {
          "type": "itemlink",
          "value": "fiskheroes:trick_arrow@18",
          "pos": [0, 117]
        }
      ]
    },
    {
      "extra": [
        {
          "type": "itemlink",
          "value": "fiskheroes:trick_arrow@19",
          "pos": [0, 9]
        },
        {
          "type": "itemlink",
          "value": "fiskheroes:trick_arrow@20",
          "pos": [0, 18]
        },
        {
          "type": "itemlink",
          "value": "fiskheroes:trick_arrow@21",
          "pos": [0, 27]
        },
        {
          "type": "itemlink",
          "value": "fiskheroes:trick_arrow@22",
          "pos": [0, 36]
        },
        {
          "type": "itemlink",
          "value": "fiskheroes:trick_arrow@23",
          "pos": [0, 45]
        },
        {
          "type": "itemlink",
          "value": "fiskheroes:trick_arrow@24",
          "pos": [0, 54]
        },
        {
          "type": "itemlink",
          "value": "fiskheroes:trick_arrow@25",
          "pos": [0, 63]
        },
        {
          "type": "itemlink",
          "value": "fiskheroes:trick_arrow@26",
          "pos": [0, 72]
        },
        {
          "type": "itemlink",
          "value": "fiskheroes:trick_arrow@27",
          "pos": [0, 81]
        }
      ]
    },
    {
    },
    {
      "id": "item.arrow_normal",
      "header": "item.arrow_normal.name",
      "text": "A standard <link=item.trick_arrow>Trick Arrow</link> that does damage - no special effects attached.",
      "extra": [
        {
          "type": "item",
          "value": "fiskheroes:trick_arrow@0",
          "align": "right",
          "pos": [0, -1],
          "scale": 1.5
        },
        {
          "type": "recipe",
          "value": "fiskheroes:trick_arrow@0",
          "align": "center",
          "pos": [0, 44]
        }
      ]
    },
    {
      "id": "item.arrow_explosive",
      "header": "item.arrow_explosive.name",
      "text": "A <link=item.trick_arrow>Trick Arrow</link> that does area damage. (To mobs, not blocks.)",
      "extra": [
        {
          "type": "item",
          "value": "fiskheroes:trick_arrow@1",
          "align": "right",
          "pos": [0, -1],
          "scale": 1.5
        },
        {
          "type": "recipe",
          "value": "fiskheroes:trick_arrow@1",
          "align": "center",
          "pos": [0, 44]
        }
      ]
    },
    {
      "id": "item.arrow_grappling_hook",
      "header": "item.arrow_grappling_hook.name",
      "text": "A <link=item.trick_arrow>Trick Arrow</link> which, when fired, reels the player towards whatever was hit.",
      "extra": [
        {
          "type": "item",
          "value": "fiskheroes:trick_arrow@2",
          "align": "right",
          "pos": [0, -1],
          "scale": 1.5
        },
        {
          "type": "recipe",
          "value": "fiskheroes:trick_arrow@2",
          "align": "center",
          "pos": [0, 44]
        }
      ]
    },
    {
      "id": "item.arrow_triple",
      "header": "item.arrow_triple.name",
      "text": "A group of three <link=item.arrow_normal>Normal Arrows</link> that fire together. One follows the primary path of the shot, while the other two stray.",
      "extra": [
        {
          "type": "item",
          "value": "fiskheroes:trick_arrow@3",
          "align": "right",
          "pos": [0, -1],
          "scale": 1.5
        },
        {
          "type": "recipe",
          "value": "fiskheroes:trick_arrow@3",
          "align": "center",
          "pos": [0, 62]
        }
      ]
    },
    {
      "id": "item.arrow_carrot",
      "header": "item.arrow_carrot.name",
      "text": "A <link=item.trick_arrow>Trick Arrow</link> with a carrot attached to the tip. Gives target night vision for 1 minute.",
      "extra": [
        {
          "type": "item",
          "value": "fiskheroes:trick_arrow@4",
          "align": "right",
          "pos": [0, -1],
          "scale": 1.5
        },
        {
          "type": "recipe",
          "value": "fiskheroes:trick_arrow@4",
          "align": "center",
          "pos": [0, 44]
        }
      ]
    },
    {
      "id": "item.arrow_firework",
      "header": "item.arrow_firework.name",
      "text": "A <link=item.trick_arrow>Trick Arrow</link> with a firework attached to the tip. Will explode upon impact, or after a certain period of time.",
      "extra": [
        {
          "type": "item",
          "value": "fiskheroes:trick_arrow@5",
          "align": "right",
          "pos": [0, -1],
          "scale": 1.5
        },
        {
          "type": "recipe",
          "value": "fiskheroes:trick_arrow@5",
          "align": "center",
          "pos": [0, 53]
        }
      ]
    },
    {
      "id": "item.arrow_fire_charge",
      "header": "item.arrow_fire_charge.name",
      "text": "A <link=item.trick_arrow>Trick Arrow</link> that sets whatever it hits on fire. If a block, it will return a <link=item.arrow_normal>Normal Arrow</link>.",
      "extra": [
        {
          "type": "item",
          "value": "fiskheroes:trick_arrow@6",
          "align": "right",
          "pos": [0, -1],
          "scale": 1.5
        },
        {
          "type": "recipe",
          "value": "fiskheroes:trick_arrow@6",
          "align": "center",
          "pos": [0, 44]
        }
      ]
    },
    {
      "id": "item.arrow_cactus",
      "header": "item.arrow_cactus.name",
      "text": "A <link=item.trick_arrow>Trick Arrow</link> that explodes into a cluster of cactus spikes upon impact.",
      "extra": [
        {
          "type": "item",
          "value": "fiskheroes:trick_arrow@7",
          "align": "right",
          "pos": [0, -1],
          "scale": 1.5
        },
        {
          "type": "recipe",
          "value": "fiskheroes:trick_arrow@7",
          "align": "center",
          "pos": [0, 44]
        }
      ]
    },
    {
      "id": "item.arrow_boxing_glove",
      "header": "item.arrow_boxing_glove.name",
      "text": "A <link=item.trick_arrow>Trick Arrow</link> with a boxing glove attached to the tip. Deals less damage, but returns a <link=item.arrow_normal>Normal Arrow</link>. +2 knockback.",
      "extra": [
        {
          "type": "item",
          "value": "fiskheroes:trick_arrow@8",
          "align": "right",
          "pos": [0, -1],
          "scale": 1.5
        },
        {
          "type": "recipe",
          "value": "fiskheroes:trick_arrow@8",
          "align": "center",
          "pos": [0, 50]
        }
      ]
    },
    {
      "id": "item.arrow_vial",
      "header": "item.arrow_vial.name",
      "text": "A <link=item.trick_arrow>Trick Arrow</link> with a potion attached to the tip. Returns a <link=item.arrow_normal>Normal Arrow</link>.",
      "extra": [
        {
          "type": "item",
          "value": "fiskheroes:trick_arrow@9",
          "align": "right",
          "pos": [0, -1],
          "scale": 1.5
        },
        {
          "type": "recipe",
          "value": "fiskheroes:trick_arrow@9",
          "align": "center",
          "pos": [0, 44]
        }
      ]
    },
    {
      "id": "item.arrow_torch",
      "header": "item.arrow_torch.name",
      "text": "A <link=item.trick_arrow>Trick Arrow</link> with a torch attached to the tip, which gets placed down wherever it hits. Returns a <link=item.arrow_normal>Normal Arrow</link>.",
      "extra": [
        {
          "type": "item",
          "value": "fiskheroes:trick_arrow@10",
          "align": "right",
          "pos": [0, -1],
          "scale": 1.5
        },
        {
          "type": "recipe",
          "value": "fiskheroes:trick_arrow@10",
          "align": "center",
          "pos": [0, 50]
        }
      ]
    },
    {
      "id": "item.arrow_vibranium",
      "header": "item.arrow_vibranium.name",
      "text": "A <link=item.trick_arrow>Trick Arrow</link> with a tip made of <link=item.vibranium_ingot>Vibranium</link>, hard enough to even pierce suits with Projectile Immunity.",
      "extra": [
        {
          "type": "item",
          "value": "fiskheroes:trick_arrow@11",
          "align": "right",
          "pos": [0, -1],
          "scale": 1.5
        },
        {
          "type": "recipe",
          "value": "fiskheroes:trick_arrow@11",
          "align": "center",
          "pos": [0, 50]
        }
      ]
    },
    {
      "id": "item.arrow_phantom",
      "header": "item.arrow_phantom.name",
      "text": "A <link=item.trick_arrow>Trick Arrow</link> with a subatomic payload capable of temporarily neutralizing Intangibility.",
      "extra": [
        {
          "type": "item",
          "value": "fiskheroes:trick_arrow@12",
          "align": "right",
          "pos": [0, -1],
          "scale": 1.5
        },
        {
          "type": "recipe",
          "value": "fiskheroes:trick_arrow@12",
          "align": "center",
          "pos": [0, 44]
        }
      ]
    },
    {
      "id": "item.arrow_pufferfish",
      "header": "item.arrow_pufferfish.name",
      "text": "A <link=item.trick_arrow>Trick Arrow</link> with an unfortunate pufferfish strapped to its tip. Aside from bouncing, it also has a 1/3 chance of inflicting poison.",
      "extra": [
        {
          "type": "item",
          "value": "fiskheroes:trick_arrow@13",
          "align": "right",
          "pos": [0, -1],
          "scale": 1.5
        },
        {
          "type": "recipe",
          "value": "fiskheroes:trick_arrow@13",
          "align": "center",
          "pos": [0, 62]
        }
      ]
    },
    {
      "id": "item.arrow_explosive_pufferfish",
      "header": "item.arrow_explosive_pufferfish.name",
      "text": "A <link=item.arrow_pufferfish>Pufferfish Arrow</link> with an extra explosive payload. Has a short fuse before exploding.",
      "extra": [
        {
          "type": "item",
          "value": "fiskheroes:trick_arrow@14",
          "align": "right",
          "pos": [0, -1],
          "scale": 1.5
        },
        {
          "type": "recipe",
          "value": "fiskheroes:trick_arrow@14",
          "align": "center",
          "pos": [0, 44]
        }
      ]
    },
    {
      "id": "item.arrow_vine",
      "header": "item.arrow_vine.name",
      "text": "A <link=item.trick_arrow>Trick Arrow</link> very similar in function to a <link=item.arrow_grappling_hook>Grappling Hook Arrow</link>, but with a high chance of snapping mid-use.",
      "extra": [
        {
          "type": "item",
          "value": "fiskheroes:trick_arrow@15",
          "align": "right",
          "pos": [0, -1],
          "scale": 1.5
        },
        {
          "type": "recipe",
          "value": "fiskheroes:trick_arrow@15",
          "align": "center",
          "pos": [0, 53]
        }
      ]
    },
    {
      "id": "item.arrow_smoke_bomb",
      "header": "item.arrow_smoke_bomb.name",
      "text": "A <link=item.trick_arrow>Trick Arrow</link> which creates a small cloud of smoke when upon impact.",
      "extra": [
        {
          "type": "item",
          "value": "fiskheroes:trick_arrow@16",
          "align": "right",
          "pos": [0, -1],
          "scale": 1.5
        },
        {
          "type": "recipe",
          "value": "fiskheroes:trick_arrow@16",
          "align": "center",
          "pos": [0, 44]
        }
      ]
    },
    {
      "id": "item.arrow_slime",
      "header": "item.arrow_slime.name",
      "text": "A <link=item.trick_arrow>Trick Arrow</link> with a slime ball attached to a tip. Aside from bouncing, it has a 3/4 chance of inflicting slowness.",
      "extra": [
        {
          "type": "item",
          "value": "fiskheroes:trick_arrow@17",
          "align": "right",
          "pos": [0, -1],
          "scale": 1.5
        },
        {
          "type": "recipe",
          "value": "fiskheroes:trick_arrow@17",
          "align": "center",
          "pos": [0, 53]
        }
      ]
    },
    {
      "id": "item.arrow_triple_explosive",
      "header": "item.arrow_triple_explosive.name",
      "text": "A group of three <link=item.arrow_explosive>Explosive Arrows</link> that fire together. One follows the primary path of the shot, while the other two stray.",
      "extra": [
        {
          "type": "item",
          "value": "fiskheroes:trick_arrow@18",
          "align": "right",
          "pos": [0, -1],
          "scale": 1.5
        },
        {
          "type": "recipe",
          "value": "fiskheroes:trick_arrow@18",
          "align": "center",
          "pos": [0, 55]
        }
      ]
    },
    {
      "id": "item.arrow_ender_pearl",
      "header": "item.arrow_ender_pearl.name",
      "text": "A <link=item.trick_arrow>Trick Arrow</link> with an ender pearl attached to a tip. Returns a <link=item.arrow_normal>Normal Arrow</link>.",
      "extra": [
        {
          "type": "item",
          "value": "fiskheroes:trick_arrow@19",
          "align": "right",
          "pos": [0, -1],
          "scale": 1.5
        },
        {
          "type": "recipe",
          "value": "fiskheroes:trick_arrow@19",
          "align": "center",
          "pos": [0, 44]
        }
      ]
    },
    {
      "id": "item.arrow_tutridium",
      "header": "item.arrow_tutridium.name",
      "text": "A <link=item.trick_arrow>Trick Arrow</link> with a tip made of <link=item.tutridium_gem>Tutridium</link>, able to temporarily disable a suit's functions.",
      "extra": [
        {
          "type": "item",
          "value": "fiskheroes:trick_arrow@20",
          "align": "right",
          "pos": [0, -1],
          "scale": 1.5
        },
        {
          "type": "recipe",
          "value": "fiskheroes:trick_arrow@20",
          "align": "center",
          "pos": [0, 44]
        }
      ]
    },
    {
      "id": "item.arrow_excessive",
      "header": "item.arrow_excessive.name",
      "text": "A <link=item.trick_arrow>Trick Arrow</link> with a whole gold sword as a tip. Though excessive, it deals more damage and prevents it from being caught by someone with Enhanced Reflexes.",
      "extra": [
        {
          "type": "item",
          "value": "fiskheroes:trick_arrow@21",
          "align": "right",
          "pos": [0, -1],
          "scale": 1.5
        },
        {
          "type": "recipe",
          "value": "fiskheroes:trick_arrow@21",
          "align": "center",
          "pos": [0, 64]
        }
      ]
    }
  ]
}
