{
  "name": "power.fiskheroes.charged_beam.name",
  "modifiers": {
    "fiskheroes:charged_beam": {
      "damageProfile": {
        "damage": 7.0,
        "types": {
          "ENERGY": 1.0,
          "FIRE": 0.5
        },
        "properties": {
          "COOK_ENTITY": true,
          "HEAT_TRANSFER": 20
        }
      },
      "chargeTime": 20,
      "duration": 40,
      "cooldownTime": 40,
      "range": 32.0,
      "radius": 0.1
    }
  },
  "hud": [
    {
      "type": "CIRCLE",
      "color": "fiskheroes:charged_beam",
      "data": "fiskheroes:beam_charge"
    }
  ]
}
