{
  "name": "power.fiskheroes.divine_empowerment.name",
  "modifiers": {
    "fiskheroes:controlled_flight": {
      "speed": 0.1,
      "boostSpeed": 0.25,
      "canBoost": true,
      "collision": {
        "blocks": {
          "stopFlying": false,
          "takeDamage": false
        },
        "entities": {
          "stopFlying": false,
          "dealDamage": true
        }
      },
      "knockback": 0.4,
      "soundEvents": {
        "ENABLE": ["fiskheroes:flight_loop", "fiskheroes:flight_cape_loop"],
        "BOOST": ["fiskheroes:flight_boost", "fiskheroes:flight_boost_super"],
        "IMPACT_ENTITY": "fiskheroes:flight_impact_entity"
      }
    },
    "fiskheroes:leaping": {
      "leapAmount": [1.5, 0.3]
    },
    "fiskheroes:fire_immunity": {
    },
    "fiskheroes:projectile_immunity": {
    },
    "fiskheroes:arrow_catching": {
    },
    "fiskheroes:super_speed": {
      "canUseTreadmill": false,
      "canUseTachyons": false,
      "soundEvents": {
        "MOVE": ["fiskheroes:super_speed_move_loop_shazam_dceu", "fiskheroes:super_speed_move_loop_cape"],
        "SPRINT": "fiskheroes:super_speed_sprint_shazam_dceu"
      }
    },
    "fiskheroes:lightning_cast": {
      "damageProfile": {
        "damage": 10.0,
        "types": {
          "ELECTRICITY": 1.0,
          "MAGIC": 1.0
        },
        "properties": {
          "COOK_ENTITY": true,
          "LIGHTNING_STRIKE": 0.2
        }
      },
      "range": 48.0,
      "chainRadius": 2.5,
      "cooldownTime": 20,
      "soundEvents": {
        "SHOOT": "fiskheroes:lightning_cast"
      }
    },
    "fiskheroes:damage_weakness": {
      "damageType": "ETERNIUM",
      "factor": 2.0
    },
    "fiskheroes:eternium_weakness": {
      "radius": 3.0,
      "duration": 120
    }
  }
}
