{
  "name": "power.fiskheroes.iron_man_armor.name",
  "modifiers": {
    "fiskheroes:controlled_flight": {
      "speed": 0.1,
      "boostSpeed": 0.25,
      "canBoost": true,
      "barrelRoll": {
        "duration": 10,
        "speed": 0.15,
        "drag": 0.06
      },
      "diveSpeedRetention": 0.5,
      "collision": {
        "blocks": {
          "stopFlying": false,
          "takeDamage": true
        },
        "entities": {
          "stopFlying": false,
          "dealDamage": true
        }
      },
      "knockback": 0.4,
      "soundEvents": {
        "ENABLE": ["fiskheroes:iron_man_flight_enable", "fiskheroes:iron_man_flight_loop"],
        "BOOST": "fiskheroes:iron_man_boost",
        "IMPACT_BLOCK": "fiskheroes:flight_impact_block",
        "IMPACT_ENTITY": "fiskheroes:flight_impact_entity",
        "ROLL": "fiskheroes:iron_man_flight_roll",
        "DIVE": ["fiskheroes:flight_dive_loop", "fiskheroes:iron_man_flight_dive"]
      }
    },
    "fiskheroes:repulsor_blast": {
      "damageProfile": {
        "damage": 12.0,
        "types": {
          "ENERGY": 1.0
        },
        "properties": {
          "ADD_KNOCKBACK": 1.0,
          "HIT_COOLDOWN": 0.0
        }
      },
      "range": 48.0,
      "speed": 20.0,
      "spread": 0.0,
      "radius": 0.1,
      "cooldownTime": 30,
      "soundEvents": {
        "SHOOT": "fiskheroes:repulsor_blast"
      }
    },
    "fiskheroes:sentry_mode": {
      "soundEvents": {
        "OPEN": "fiskheroes:sentry_mode_open",
        "CLOSE": "fiskheroes:sentry_mode_close"
      }
    },
    "fiskheroes:fire_immunity": {
    },
    "fiskheroes:projectile_immunity": {
    },
    "fiskheroes:water_breathing": {
    },
    "fiskheroes:metal_skin": {
    }
  }
}
