{
  "name": "power.fiskheroes.martian_physiology_comics.name",
  "modifiers": {
    "fiskheroes:controlled_flight": {
      "speed": 0.1,
      "boostSpeed": 0.25,
      "canBoost": true,
      "collision": {
        "blocks": {
          "stopFlying": false,
          "takeDamage": false
        },
        "entities": {
          "stopFlying": false,
          "dealDamage": true
        }
      },
      "knockback": 0.4,
      "soundEvents": {
        "ENABLE": ["fiskheroes:flight_loop", "fiskheroes:flight_cape_loop"],
        "BOOST": "fiskheroes:flight_boost",
        "IMPACT_ENTITY": "fiskheroes:flight_impact_entity"
      }
    },
    "fiskheroes:heat_vision": {
      "damageProfile": {
        "damage": 7.0,
        "types": {
          "FIRE": 1.0
        },
        "properties": {
          "COOK_ENTITY": true,
          "HEAT_TRANSFER": 140
        }
      },
      "range": 32.0,
      "radius": 0.1,
      "soundEvents": {
        "BEAM_AMBIENT": "fiskheroes:heat_vision"
      }
    },
    "fiskheroes:shape_shifting": {
    },
    "fiskheroes:intangibility": {
      "isAbsolute": false
    },
    "fiskheroes:invisibility": {
    },
    "fiskheroes:potion_immunity": {
      "potionEffects": ["minecraft:nausea", "minecraft:poison", "minecraft:wither"]
    },
    "fiskheroes:water_breathing": {
    },
    "fiskheroes:fire_weakness": {
      "radius": 2.5,
      "duration": 100
    }
  }
}
