{
  "name": "power.fiskheroes.mk85_nanites.name",
  "modifiers": {
    "fiskheroes:transformation": {
      "key": "NANITE_TRANSFORM",
      "transformation": {
        "toggleData": "fiskheroes:dyn/nanites",
        "timerData": "fiskheroes:dyn/nanite_timer",
        "time": 10
      },
      "soundEvents": {
        "ENABLE": "fiskheroes:mk50_enable",
        "DISABLE": "fiskheroes:mk50_disable"
      }
    },
    "fiskheroes:cooldown": {
      "cooldown": {
        "toggleData": "fiskheroes:dyn/nanites",
        "cooldownData": "fiskheroes:dyn/nanite_cooldown",
        "duration": 6000,
        "recovery": 3.0
      },
      "soundEvents": {
        "TIMEOUT": "fiskheroes:mk50_disable"
      }
    },
    "fiskheroes:controlled_flight": {
      "speed": 0.1,
      "boostSpeed": 0.25,
      "canBoost": true,
      "barrelRoll": {
        "duration": 10,
        "speed": 0.15,
        "drag": 0.06
      },
      "diveSpeedRetention": 0.5,
      "collision": {
        "blocks": {
          "stopFlying": false,
          "takeDamage": true
        },
        "entities": {
          "stopFlying": false,
          "dealDamage": true
        }
      },
      "knockback": 0.4,
      "soundEvents": {
        "ENABLE": ["fiskheroes:iron_man_flight_enable", "fiskheroes:iron_man_flight_loop"],
        "BOOST": "fiskheroes:iron_man_boost",
        "IMPACT_BLOCK": "fiskheroes:flight_impact_block",
        "IMPACT_ENTITY": "fiskheroes:flight_impact_entity",
        "ROLL": "fiskheroes:iron_man_flight_roll",
        "DIVE": ["fiskheroes:flight_dive_loop", "fiskheroes:iron_man_flight_dive"]
      }
    },
    "fiskheroes:fire_immunity": {
    },
    "fiskheroes:projectile_immunity": {
    },
    "fiskheroes:charged_beam": {
      "damageProfile": {
        "damage": 7.0,
        "types": {
          "ENERGY": 1.0,
          "FIRE": 0.25
        },
        "properties": {
          "COOK_ENTITY": true,
          "HEAT_TRANSFER": 20
        }
      },
      "chargeTime": 20,
      "duration": 40,
      "cooldownTime": 40,
      "range": 32.0,
      "radius": 0.6,
      "soundEvents": {
        "SHOOT": "fiskheroes:mk85_beam_start",
        "SHOOT_STOP": "fiskheroes:mk85_beam_stop",
        "BEAM_AMBIENT": "fiskheroes:mk85_beam_loop",
        "CHARGE": "fiskheroes:mk85_beam_charge"
      }
    },
    "fiskheroes:shield": {
      "shield": {
        "health": 80.0,
        "regeneration": 15.0,
        "recoveryDelay": 60,
        "cooldown": 60
      },
      "coverage": {
        "yawRadius": 35.0,
        "pitchRadius": 60.0,
        "yawOffset": 0.0,
        "pitchOffset": 0.0
      },
      "knockback": 0.2,
      "soundEvents": {
        "ENABLE": "fiskheroes:mk85_shield_enable",
        "DISABLE": "fiskheroes:mk85_shield_disable",
        "BLOCK_START": "fiskheroes:mk85_shield_block_start",
        "BLOCK_STOP": "fiskheroes:mk85_shield_block_stop",
        "DEFLECT": "fiskheroes:mk85_shield_deflect",
        "DISARM": "fiskheroes:shield_disarm"
      }
    },
    "fiskheroes:blade": {
      "soundEvents": {
        "ENABLE": "fiskheroes:mk50_blade_enable",
        "DISABLE": "fiskheroes:mk50_blade_disable"
      }
    },
    "fiskheroes:regeneration": {
      "factor": 1.5
    },
    "fiskheroes:water_breathing": {
    },
    "fiskheroes:metal_skin": {
    }
  },
  "hud": [
    {
      "type": "PROGRESS",
      "texture": "fiskheroes:textures/gui/bars/nanite_transformation.png",
      "data": "fiskheroes:dyn/nanite_cooldown"
    },
    {
      "type": "CIRCLE",
      "color": "fiskheroes:charged_beam",
      "data": "fiskheroes:beam_charge"
    }
  ]
}
