{
  "name": "power.fiskheroes.pyrokinesis.name",
  "modifiers": {
    "fiskheroes:fireball": {
      "damageProfile": {
        "damage": 6.0,
        "types": {
          "FIRE": 1.0
        },
        "properties": {
          "COOK_ENTITY": true,
          "HEAT_TRANSFER": 20,
          "IGNITE": 3
        }
      },
      "radius": 2.5,
      "cooldownTime": 5,
      "soundEvents": {
        "SHOOT": "fiskheroes:fireball"
      }
    },
    "fiskheroes:flame_blast": {
      "damageProfile": {
        "damage": 5.0,
        "types": {
          "FIRE": 1.0
        },
        "properties": {
          "COOK_ENTITY": true,
          "HEAT_TRANSFER": 160,
          "IGNITE": 2
        }
      },
      "range": 10.0
    }
  }
}
