{
  "name": "power.fiskheroes.speed_force.name",
  "modifiers": {
    "fiskheroes:super_speed": {
      "canUseTreadmill": true,
      "canUseTachyons": true,
      "soundEvents": {
        "ENABLE": [],
        "DISABLE": [],
        "MOVE": [],
        "SPRINT": [],
        "STOP": []
      }
    },
    "fiskheroes:slow_motion": {
      "soundEvents": {
        "ENABLE": [],
        "DISABLE": []
      }
    },
    "fiskheroes:arrow_catching": {
    },
    "fiskheroes:regeneration": {
      "factor": 4
    },
    "fiskheroes:potion_immunity": {
      "potionEffects": ["minecraft:nausea", "minecraft:poison", "minecraft:wither"]
    }
  }
}
