{
  "name": "power.fiskheroes.steel_transformation.name",
  "modifiers": {
    "fiskheroes:transformation": {
      "key": "STEEL_TRANSFORM",
      "transformation": {
        "toggleData": "fiskheroes:dyn/steeled",
        "timerData": "fiskheroes:dyn/steel_timer",
        "time": 4
      }
    },
    "fiskheroes:cooldown": {
      "cooldown": {
        "toggleData": "fiskheroes:dyn/steeled",
        "cooldownData": "fiskheroes:dyn/steel_cooldown",
        "duration": 600,
        "recovery": 1.0
      }
    },
    "fiskheroes:projectile_immunity": {
    },
    "fiskheroes:regeneration": {
      "factor": 4
    },
    "fiskheroes:potion_immunity": {
      "potionEffects": ["minecraft:nausea", "minecraft:poison", "minecraft:wither"]
    },
    "fiskheroes:fire_immunity": {
    },
    "fiskheroes:metal_skin": {
    }
  },
  "hud": [
    {
      "type": "PROGRESS",
      "texture": "fiskheroes:textures/gui/bars/steel_transformation.png",
      "data": "fiskheroes:dyn/steel_cooldown"
    }
  ]
}
