{
  "name": "power.fiskheroes.vibranium_weave_suit.name",
  "modifiers": {
    "fiskheroes:projectile_immunity": {
    },
    "fiskheroes:blade": {
      "soundEvents": {
        "ENABLE": "fiskheroes:panther_claws_enable",
        "DISABLE": "fiskheroes:panther_claws_disable"
      }
    },
    "fiskheroes:fire_resistance": {
      "duration": 60
    },
    "fiskheroes:damage_resistance|fire": {
      "damageType": "FIRE",
      "factor": 0.5
    },
    "fiskheroes:damage_resistance|explosion": {
      "damageType": "EXPLOSION",
      "factor": 0.5
    }
  }
}
