{
  "name": "power.fiskheroes.wakandan_flightpack.name",
  "modifiers": {
    "fiskheroes:controlled_flight": {
      "speed": 0.08,
      "boostSpeed": 0.21,
      "canBoost": true,
      "barrelRoll": {
        "duration": 14,
        "speed": 0.12,
        "drag": 0.03
      },
      "diveSpeedRetention": 0.5,
      "collision": {
        "blocks": {
          "stopFlying": true,
          "takeDamage": true
        },
        "entities": {
          "stopFlying": true,
          "dealDamage": true
        }
      },
      "knockback": 0.75,
      "soundEvents": {
        "ENABLE": ["fiskheroes:falcon_flight_enable", "fiskheroes:cap_sam_flight_loop", "fiskheroes:cap_sam_flight_ambient_loop"],
        "DISABLE": "fiskheroes:falcon_flight_disable",
        "BOOST": "fiskheroes:cap_sam_boost",
        "IMPACT_BLOCK": "fiskheroes:flight_impact_block",
        "IMPACT_ENTITY": "fiskheroes:flight_impact_entity",
        "ROLL": "fiskheroes:falcon_flight_roll",
        "DIVE": ["fiskheroes:flight_dive_loop", "fiskheroes:falcon_flight_whoosh"]
      }
    },
    "fiskheroes:controlled_flight|boosted": {
      "speed": 0.08,
      "boostSpeed": 0.25,
      "canBoost": true,
      "barrelRoll": {
        "duration": 14,
        "speed": 0.12,
        "drag": 0.03
      },
      "diveSpeedRetention": 0.5,
      "collision": {
        "blocks": {
          "stopFlying": true,
          "takeDamage": true
        },
        "entities": {
          "stopFlying": true,
          "dealDamage": true
        }
      },
      "knockback": 0.75,
      "soundEvents": {
        "ENABLE": "fiskheroes:cap_sam_boost_enable",
        "DISABLE": "fiskheroes:falcon_flight_disable",
        "IMPACT_BLOCK": "fiskheroes:flight_impact_block",
        "IMPACT_ENTITY": "fiskheroes:flight_impact_entity",
        "ROLL": "fiskheroes:falcon_flight_roll",
        "DIVE": ["fiskheroes:flight_dive_loop", "fiskheroes:falcon_flight_whoosh"]
      }
    }
  },
  "hud": [
    {
      "type": "PROGRESS",
      "texture": "fiskheroes:textures/gui/bars/falcon_boost.png",
      "data": "fiskheroes:dyn/super_boost_cooldown"
    }
  ]
}
