{
  "name": "power.fiskheroes.web_shooters.name",
  "modifiers": {
    "fiskheroes:web_swinging": {
      "cooldownTime": 5,
      "soundEvents": {
        "ENABLE": "fiskheroes:web_swinging_enable",
        "DISABLE": "fiskheroes:web_swinging_disable",
        "SHOOT": "fiskheroes:web_shoot",
        "RELEASE": ["fiskheroes:web_swinging_whoosh", "fiskheroes:web_swinging_fall_loop"],
        "SWING": ["fiskheroes:web_swinging", "fiskheroes:web_stress_loop"],
        "IMPACT": "fiskheroes:flight_impact_entity"
      }
    },
    "fiskheroes:web_zip": {
      "range": 48.0,
      "cooldownTime": 20,
      "soundEvents": {
        "SHOOT": "fiskheroes:web_zip"
      }
    },
    "fiskheroes:equipment": {
      "equipment": {
        "fiskheroes:sticky_web": {
          "cooldown": 13,
          "uses": 8,
          "dissolveTime": 120,
          "soundEvents": {
            "USE": "fiskheroes:web_shoot"
          }
        },
        "fiskheroes:impact_web": {
          "cooldown": 13,
          "uses": 4,
          "damageProfile": {
            "damage": 5.0,
            "types": {
              "BLUNT": 1.0
            },
            "properties": {
              "DAMAGE_DROPOFF": 0.4,
              "HIT_COOLDOWN": 0
            }
          },
          "soundEvents": {
            "USE": "fiskheroes:web_shoot"
          }
        },
        "fiskheroes:rapid_webs": {
          "cooldown": 30,
          "uses": 1,
          "quantity": 5,
          "damageProfile": {
            "damage": 4.0,
            "types": {
              "BLUNT": 1.0
            },
            "properties": {
              "REDUCE_KNOCKBACK": 0.5,
              "DAMAGE_DROPOFF": 0.2,
              "HIT_COOLDOWN": 0
            }
          },
          "soundEvents": {
            "SHOOT": "fiskheroes:web_shoot"
          }
        },
        "fiskheroes:ricochet_web": {
          "cooldown": 13,
          "uses": 4,
          "damageProfile": {
            "damage": 5.0,
            "types": {
              "BLUNT": 1.0
            },
            "properties": {
              "DAMAGE_DROPOFF": 0.4,
              "HIT_COOLDOWN": 0
            }
          },
          "soundEvents": {
            "USE": "fiskheroes:web_shoot"
          }
        }
      },
      "soundEvents": {
        "SWITCH": "fiskheroes:web_switch"
      }
    }
  }
}
